,location_name,location_id,travel_limit_start_date,travel_limit_end_date,stay_home_start_date,stay_home_end_date,educational_fac_start_date,educational_fac_end_date,any_gathering_restrict_start_date,any_gathering_restrict_end_date,any_business_start_date,any_business_end_date,all_non-ess_business_start_date,all_non-ess_business_end_date
0,Abruzzo,35507,2020-03-22,2020-05-04,2020-03-11,2020-06-03,2020-03-05,,2020-03-11,,2020-03-11,2020-06-15,2020-03-11,2020-04-14
1,Acre,4750,,,,,2020-03-16,,2020-03-20,,2020-03-17,,2020-03-17,2020-06-22
2,Afghanistan,160,,,,,2020-03-14,,2020-03-18,,2020-03-18,,,
3,Aguascalientes,4643,,,2020-06-22,,2020-03-19,,2020-03-13,,2020-03-23,,2020-03-30,
4,Alabama,523,,,2020-04-04,2020-04-30,2020-03-19,,2020-03-19,,2020-03-19,2020-06-15,2020-03-28,2020-04-30
5,Alagoas,4751,,,,,2020-03-17,,2020-03-16,,2020-04-07,,2020-04-07,2020-05-06
6,Alaska,524,2020-03-28,,2020-03-28,2020-04-24,2020-03-16,,2020-03-24,2020-05-22,2020-03-17,2020-05-22,2020-03-28,2020-04-24
7,Albania,43,2020-03-14,2020-06-01,2020-03-12,2020-06-01,2020-03-08,,2020-03-12,,2020-03-11,,2020-03-14,2020-04-20
8,Alberta,43858,,,,,2020-03-16,,2020-03-12,,2020-03-18,,,
9,Algeria,139,,,,,2020-03-12,,2020-03-17,,2020-03-22,,,
10,Amapá,4753,,,2020-05-19,,2020-03-18,,2020-03-20,,2020-03-20,,2020-04-04,2020-06-16
11,Amazonas,4752,2020-04-06,2020-06-01,,,2020-03-16,,2020-03-31,,2020-03-19,,2020-03-24,2020-06-01
12,Andalucia,60357,,,2020-03-15,2020-05-18,2020-03-14,,2020-03-15,,2020-03-15,,2020-03-15,2020-04-13
13,Andhra Pradesh,4841,2020-03-22,2020-05-21,2020-03-22,2020-06-01,2020-03-18,,2020-03-22,,2020-03-22,,2020-03-22,2020-05-21
14,Andorra,74,,,,,2020-03-16,,,,2020-03-13,,2020-03-16,2020-04-20
15,Angola,168,2020-03-27,2020-05-25,2020-03-27,2020-05-25,2020-03-24,,2020-03-24,,2020-03-27,,2020-03-27,2020-05-25
16,Aragon,60358,,,2020-03-15,2020-05-11,2020-03-14,,2020-03-15,,2020-03-15,,2020-03-15,2020-04-13
17,Argentina,97,2020-03-20,2020-04-27,2020-03-20,,2020-03-16,,2020-03-15,,2020-03-20,,2020-03-20,
18,Arizona,525,,,2020-03-30,2020-05-16,2020-03-16,,2020-03-30,2020-05-16,2020-03-30,2020-05-16,,
19,Arkansas,526,,,,,2020-03-17,2020-08-24,2020-03-27,2020-06-18,2020-03-19,,,
20,Armenia,33,2020-04-03,2020-04-22,2020-03-24,2020-05-04,2020-03-13,,2020-03-16,,2020-03-24,,2020-03-24,2020-04-23
21,Arunachal Pradesh,4842,2020-03-23,2020-05-04,2020-03-23,2020-06-01,2020-03-17,,2020-03-23,,2020-03-17,,2020-03-17,2020-05-04
22,Assam,4843,2020-03-24,2020-05-05,2020-03-24,2020-06-01,2020-03-15,,2020-03-24,,2020-03-24,,2020-03-24,2020-04-21
23,Asturias,60365,,,2020-03-15,2020-05-11,2020-03-14,,2020-03-15,,2020-03-15,,2020-03-15,2020-04-13
24,Australia,71,,,,,,,2020-03-20,,2020-03-23,,,
25,Austria,75,,,2020-03-16,2020-05-01,2020-03-16,2020-06-03,2020-03-10,,2020-03-16,2020-05-01,2020-03-16,2020-04-13
26,Azad Jammu & Kashmir,53615,,,2020-03-24,2020-05-09,2020-03-13,,2020-03-24,,2020-03-24,,2020-03-24,2020-04-15
27,Azerbaijan,34,2020-02-29,2020-05-18,2020-04-05,,2020-03-03,,2020-03-24,,2020-03-14,,2020-03-14,2020-05-31
28,Baden-Württemberg,60377,,,2020-03-21,2020-05-11,2020-03-17,,2020-03-21,,2020-03-21,,2020-03-21,2020-04-20
29,Bahamas,106,2020-03-20,2020-06-01,2020-03-24,2020-06-08,2020-03-16,,2020-03-16,,2020-03-20,,2020-03-20,2020-06-08
30,Bahia,4754,,,,,2020-03-17,,2020-03-27,,,,,
31,Bahrain,140,,,,,2020-02-26,,2020-03-18,,2020-03-18,,2020-03-26,2020-04-09
32,Baja California,4644,,,2020-06-22,,2020-03-19,,2020-03-18,,2020-03-23,,2020-03-30,
33,Baja California Sur,4645,,,2020-06-23,,2020-03-19,,2020-03-16,,2020-03-23,,2020-03-30,
34,Balearic Islands,60363,,,2020-03-15,2020-05-11,2020-03-14,,2020-03-15,,2020-03-15,,2020-03-15,2020-04-13
35,Balochistan,53616,,,2020-03-24,2020-05-09,2020-02-27,,2020-03-24,,2020-03-24,,2020-03-24,2020-04-15
36,Bangladesh,161,2020-03-16,2020-06-01,2020-03-26,2020-06-01,2020-03-17,,2020-03-19,,2020-03-26,,2020-03-26,2020-05-05
37,Barbados,107,,,2020-04-03,2020-05-04,2020-03-25,2020-06-15,2020-03-17,,2020-03-28,2020-06-22,2020-03-28,2020-05-04
38,Basilicata,35511,2020-03-22,2020-05-04,2020-03-11,2020-06-03,2020-03-05,,2020-03-11,,2020-03-11,2020-06-15,2020-03-11,2020-04-14
39,Basque Country,60374,,,2020-03-15,2020-05-11,2020-03-14,,2020-03-15,,2020-03-15,2020-06-18,2020-03-15,2020-04-13
40,Bavaria,60378,,,2020-03-21,2020-05-06,2020-03-16,,2020-03-21,,2020-03-17,,2020-03-21,2020-04-27
41,Beijing,492,2020-01-31,2020-04-15,2020-01-31,2020-04-15,2020-01-31,2020-04-15,2020-01-31,2020-04-15,2020-01-31,2020-04-15,2020-01-31,2020-04-15
42,Belarus,57,,,,,,,,,,,,
43,Belgium,76,,,2020-03-18,2020-06-08,2020-03-14,2020-09-01,2020-03-13,,2020-03-13,,2020-03-18,2020-05-11
44,Benin,200,,,,,2020-03-30,,2020-03-18,,,,,
45,Berlin,60379,,,2020-03-23,2020-05-09,2020-03-23,2020-05-29,2020-03-23,,2020-03-14,,2020-03-23,2020-04-22
46,Bihar,4844,2020-03-23,2020-05-19,2020-03-23,2020-06-01,2020-03-13,,2020-03-23,,2020-03-23,,2020-03-23,2020-05-08
47,Bolivia (Plurinational State of),121,2020-03-27,,2020-03-26,,2020-03-12,,2020-03-12,,2020-03-16,,2020-03-20,2020-07-01
48,Bosnia and Herzegovina,44,2020-03-19,2020-05-29,2020-03-22,2020-05-21,2020-03-12,,2020-03-18,,2020-03-18,,2020-03-20,2020-04-29
49,Brandenburg,60380,,,2020-03-17,2020-05-09,2020-03-18,2020-05-25,2020-03-17,,2020-03-17,,2020-03-17,2020-04-22
50,Brazil,135,,,,,2020-03-24,,,,,,,
51,Bremen,60381,,,2020-03-22,2020-05-14,2020-03-16,2020-05-25,2020-03-22,,2020-03-20,,2020-03-20,2020-04-20
52,British Columbia,43859,,,,,2020-03-17,2020-06-01,2020-03-16,,2020-03-20,,,
53,Bulgaria,45,2020-03-21,,2020-03-17,2020-05-03,2020-03-13,,2020-03-13,,2020-03-13,,2020-03-13,2020-05-06
54,Burkina Faso,201,,,,,2020-03-16,,2020-03-13,,,,,
55,Cabo Verde,203,,,,,2020-03-27,,2020-03-16,,2020-03-16,,,
56,Calabria,35512,2020-03-22,2020-05-04,2020-03-11,2020-06-03,2020-03-05,,2020-03-11,,2020-03-11,2020-06-15,2020-03-11,2020-04-14
57,California,527,,,2020-03-19,,2020-03-19,,2020-03-11,,2020-03-19,,2020-03-19,
58,Cameroon,202,,,,,2020-03-18,,2020-03-18,,,,,
59,Campania,35509,2020-03-22,2020-05-04,2020-03-11,2020-06-03,2020-03-05,,2020-03-11,,2020-03-11,2020-06-15,2020-03-11,2020-04-14
60,Campeche,4646,,,2020-06-22,,2020-03-18,,2020-03-19,,2020-03-30,,2020-03-30,
61,Canada,101,,,,,2020-03-23,,2020-03-23,,,,,
62,Canary Islands,60364,,,2020-03-15,2020-05-11,2020-03-14,,2020-03-15,,2020-03-15,,2020-03-15,2020-04-13
63,Cantabria,60359,,,2020-03-15,2020-05-11,2020-03-14,,2020-03-15,,2020-03-15,2020-06-22,2020-03-15,2020-04-13
64,Castile and León,60367,,,2020-03-15,2020-05-25,2020-03-14,,2020-03-15,,2020-03-15,,2020-03-15,2020-04-13
65,Castilla-La Mancha,60360,,,2020-03-15,2020-05-18,2020-03-14,,2020-03-15,,2020-03-15,,2020-03-15,2020-04-13
66,Catalonia,60368,,,2020-03-15,2020-05-25,2020-03-14,,2020-03-11,,2020-03-12,2020-06-22,2020-03-15,2020-05-25
67,Ceará,4755,,,2020-05-05,,2020-03-16,,2020-03-16,,2020-03-20,,2020-03-20,2020-06-08
68,Central African Republic,169,,,,,2020-03-27,,2020-03-13,,2020-03-26,,,
69,Chad,204,,,,,2020-03-20,,2020-03-19,,2020-03-23,,,
70,Chhattisgarh,4846,2020-03-25,2020-05-28,2020-03-21,2020-06-01,2020-03-13,,2020-03-21,,2020-03-21,,2020-03-21,2020-05-18
71,Chiapas,4649,,,2020-06-22,,2020-03-22,,2020-03-15,,2020-03-23,,2020-03-30,
72,Chihuahua,4650,,,2020-06-22,,2020-03-23,,2020-03-25,,2020-03-24,,2020-03-24,
73,Chile,98,,,,,2020-03-16,,2020-03-16,,2020-03-21,,,
74,China,6,,,,,,,,,,,,
75,Chongqing,493,2020-02-08,2020-03-24,2020-02-08,2020-03-24,2020-02-08,2020-03-24,2020-02-08,2020-03-24,2020-02-08,2020-03-24,2020-02-08,2020-03-24
76,Coahuila,4647,,,2020-06-22,,2020-03-19,,2020-03-18,,2020-03-23,,2020-03-30,
77,Colima,4648,,,2020-06-22,,2020-03-16,,2020-03-16,,2020-03-18,,2020-03-18,
78,Colombia,125,2020-03-25,2020-06-15,2020-03-25,2020-06-15,2020-03-16,,2020-03-16,,2020-03-19,,2020-03-25,2020-04-27
79,Colorado,528,,,2020-03-26,2020-05-09,2020-03-23,,2020-03-19,,2020-03-17,,2020-03-26,2020-05-09
80,Community of Madrid,60361,,,2020-03-15,2020-05-25,2020-03-11,,2020-03-15,,2020-03-13,,2020-03-13,2020-04-13
81,Comoros,176,,,,,2020-03-20,,2020-03-16,,,,,
82,Congo,170,,,2020-03-31,2020-05-18,2020-03-19,,2020-03-19,,2020-03-19,,2020-03-31,2020-05-18
83,Connecticut,529,,,,,2020-03-17,,2020-03-12,,2020-03-16,,2020-03-23,2020-05-20
84,Costa Rica,126,2020-04-08,2020-04-13,2020-03-24,2020-05-01,2020-03-16,,2020-03-09,,2020-03-23,,,
85,Croatia,46,2020-03-23,2020-05-25,2020-03-17,2020-05-11,2020-03-16,2020-05-25,2020-03-09,,2020-03-19,,2020-03-19,2020-04-27
86,Cuba,109,2020-04-11,,,,2020-03-24,,2020-03-20,,2020-03-24,,,
87,Cyprus,77,,,2020-03-24,2020-05-04,2020-03-13,2020-05-21,2020-03-24,,2020-03-24,,2020-03-24,2020-05-04
88,Czechia,47,,,2020-03-16,2020-04-20,2020-03-10,,2020-03-10,,2020-03-10,,2020-03-14,2020-04-20
89,Côte d'Ivoire,205,,,,,2020-03-16,2020-07-31,2020-03-16,,2020-03-18,2020-07-31,,
90,Delaware,530,,,2020-03-24,2020-06-01,2020-03-16,,2020-03-16,,2020-03-16,,2020-03-24,2020-05-08
91,Delhi,4849,2020-03-23,2020-04-26,2020-03-23,2020-06-01,2020-03-19,,2020-03-23,,2020-03-20,,2020-03-20,2020-04-26
92,Democratic Republic of the Congo,171,,,,,2020-03-19,,2020-03-19,,2020-03-19,,,
93,Denmark,78,,,,,2020-03-16,2020-09-10,2020-03-18,,2020-03-18,,,
94,District of Columbia,531,,,2020-03-30,2020-05-29,2020-03-16,,2020-03-13,,2020-03-16,,2020-03-25,2020-05-29
95,Distrito Federal,4756,,,,,2020-03-12,,2020-03-12,,2020-03-15,,2020-03-19,2020-05-27
96,Djibouti,177,,,2020-03-23,2020-05-17,2020-03-19,,2020-03-22,,2020-03-22,,2020-03-23,2020-05-17
97,Dominican Republic,111,2020-03-19,2020-04-13,,,2020-03-19,,2020-03-25,,2020-03-19,,2020-03-19,2020-05-20
98,Durango,4652,,,2020-04-19,,2020-03-22,,2020-04-02,,2020-03-29,,2020-03-30,
99,East Asia and Pacific,60898,,,,,,,,,,,,
100,Ecuador,122,2020-03-18,,2020-03-17,,2020-03-13,,2020-03-15,,2020-03-15,,2020-03-17,
101,Egypt,141,,,,,2020-03-15,,2020-03-09,,2020-03-24,,,
102,El Salvador,127,,,2020-03-11,2020-06-16,2020-03-11,,2020-03-11,,2020-03-14,,,
103,Emilia-Romagna,35502,2020-03-22,2020-05-04,2020-03-11,2020-06-03,2020-03-01,,2020-03-07,,2020-03-07,2020-06-15,2020-03-11,2020-04-14
104,England,4749,,,2020-03-23,2020-06-01,2020-03-23,,2020-03-23,,2020-03-23,,2020-03-23,2020-06-01
105,Equatorial Guinea,172,,,2020-03-31,,2020-03-17,,2020-03-17,,2020-03-23,,2020-03-31,2020-06-15
106,Espírito Santo,4757,,,,,2020-03-16,,2020-03-17,,2020-03-17,,2020-03-20,
107,Estonia,58,,,,,2020-03-16,2020-05-15,2020-03-13,,2020-03-13,2020-07-01,,
108,Eswatini,197,,,2020-03-27,2020-06-05,2020-03-17,,2020-03-17,,2020-03-27,,2020-03-27,2020-04-15
109,Ethiopia,179,,,,,2020-03-16,,2020-03-16,,2020-03-20,,,
110,Europe and Central Asia,60899,,,,,,,,,,,,
111,Extremadura,60362,,,2020-03-15,2020-05-11,2020-03-14,,2020-03-15,,2020-03-15,,2020-03-15,2020-04-13
112,Finland,79,2020-03-25,2020-05-29,,,2020-03-18,,2020-03-12,,2020-03-18,2020-06-01,2020-04-04,2020-06-01
113,Florida,532,,,2020-04-03,2020-05-18,2020-03-17,,2020-04-03,2020-06-05,2020-03-17,2020-09-25,,
114,France,80,2020-03-17,2020-05-11,2020-03-18,2020-05-11,2020-03-13,2020-05-25,2020-03-04,,2020-03-15,,2020-03-15,2020-05-11
115,Friuli-Venezia Giulia,35501,2020-03-22,2020-05-04,2020-03-11,2020-06-03,2020-03-05,,2020-03-11,,2020-03-11,2020-06-15,2020-03-11,2020-04-14
116,Gabon,173,,,,,2020-03-13,,2020-03-13,,2020-03-13,,,
117,Galicia,60372,,,2020-03-15,2020-05-11,2020-03-14,,2020-03-15,,2020-03-15,2020-06-22,2020-03-15,2020-04-13
118,Gambia,206,,,,,2020-03-18,,2020-03-18,,2020-03-18,,2020-03-27,2020-07-22
119,Georgia,35,2020-03-24,2020-04-27,,,2020-03-02,,2020-03-23,,2020-03-21,,2020-03-21,2020-04-27
120,Georgia,533,,,2020-04-03,,2020-03-18,,2020-03-24,,2020-03-24,,,
121,Germany,81,,,,,,,,,,,,
122,Ghana,207,,,,,2020-03-16,,2020-03-15,,2020-03-24,,,
123,Gilgit-Baltistan,53617,,,2020-03-24,2020-05-09,2020-03-13,,2020-03-24,,2020-03-24,,2020-03-24,2020-04-15
124,Global,1,,,,,,,,,,,,
125,Goa,4850,2020-03-25,2020-04-20,2020-03-23,2020-06-01,2020-03-15,,2020-03-23,,2020-03-15,,2020-03-15,2020-04-20
126,Goiás,4758,,,,,2020-03-18,,2020-03-13,,2020-03-17,,2020-03-20,2020-04-19
127,Greece,82,2020-03-23,,2020-03-23,2020-05-04,2020-03-11,2020-09-14,2020-03-08,,2020-03-12,,2020-03-22,2020-05-04
128,Guam,351,2020-04-11,2020-04-28,,,2020-03-17,,2020-03-16,,2020-03-20,,2020-03-20,2020-05-07
129,Guanajuato,4653,,,2020-06-22,,2020-03-16,,2020-03-24,,2020-03-23,,2020-03-30,
130,Guangdong,496,2020-02-06,2020-05-19,2020-02-06,2020-05-19,2020-02-06,2020-05-19,2020-02-06,2020-05-19,2020-02-06,2020-05-19,2020-02-06,2020-05-19
131,Guatemala,128,,,,,2020-03-16,,2020-03-16,,2020-03-17,,2020-03-17,
132,Guerrero,4654,,,2020-06-22,,2020-03-22,,2020-03-24,,2020-03-23,,2020-04-04,
133,Guinea,208,,,,,2020-03-26,2020-09-01,2020-03-26,,2020-03-26,,,
134,Guinea-Bissau,209,,,2020-03-28,,2020-03-17,,2020-03-15,,2020-03-15,,2020-04-03,
135,Gujarat,4851,2020-03-24,2020-05-18,2020-03-24,2020-06-01,2020-03-16,,2020-03-24,,2020-03-24,,2020-03-24,2020-04-24
136,Guyana,113,,,2020-05-04,,2020-03-16,,2020-04-02,,2020-04-02,,2020-05-04,
137,Hainan,499,2020-02-05,2020-02-25,2020-02-05,2020-02-25,2020-02-05,2020-02-25,2020-02-05,2020-02-25,2020-02-05,2020-02-25,2020-02-05,2020-02-25
138,Haiti,114,,,,,2020-03-20,2020-08-17,2020-03-20,,2020-03-20,,,
139,Hamburg,60382,,,2020-03-22,2020-05-04,2020-03-16,2020-07-01,2020-03-22,,2020-03-15,,,
140,Haryana,4852,2020-03-24,2020-05-16,2020-03-24,2020-06-01,2020-03-16,,2020-03-20,,2020-03-16,,2020-03-16,2020-04-20
141,Hawaii,534,,,2020-03-25,2020-06-10,2020-03-19,,2020-03-17,,2020-03-17,,2020-03-25,2020-05-01
142,Hebei,500,2020-02-07,2020-03-24,2020-02-07,2020-03-24,2020-02-07,2020-03-24,2020-02-07,2020-03-24,2020-02-07,2020-03-24,2020-02-07,2020-03-24
143,Heilongjiang,501,2020-02-06,2020-03-09,2020-02-06,2020-03-09,2020-02-06,2020-03-09,2020-02-06,2020-03-09,2020-02-06,2020-03-09,2020-02-06,2020-03-09
144,Hesse,60383,,,2020-03-22,2020-05-09,2020-03-16,,2020-03-22,,2020-03-15,,,
145,Hidalgo,4655,,,2020-06-22,,2020-03-22,,2020-03-24,,2020-03-29,,2020-03-30,
146,Himachal Pradesh,4853,2020-03-23,2020-04-20,2020-03-23,2020-06-01,2020-03-14,,2020-03-23,,2020-03-23,,2020-03-23,2020-04-20
147,Honduras,129,2020-03-16,,2020-03-19,,2020-03-13,,2020-03-14,,2020-03-16,,2020-03-16,
148,Hong Kong Special Administrative Region of China,354,,,,,,,,,,,,
149,Hubei,503,2020-02-10,2020-03-14,2020-02-10,2020-03-14,2020-02-10,2020-03-14,2020-02-10,2020-03-14,2020-02-10,2020-03-14,2020-02-10,2020-03-14
150,Hungary,48,,,2020-03-28,2020-05-18,2020-03-16,2020-09-01,2020-03-12,,2020-03-12,,2020-03-16,2020-05-18
151,Iceland,83,,,,,2020-03-16,2020-05-04,2020-03-16,,2020-03-24,2020-05-25,,
152,Idaho,535,,,2020-03-25,2020-05-01,2020-03-23,,2020-03-25,2020-05-01,2020-03-25,2020-06-13,2020-03-25,2020-05-01
153,Illinois,536,,,2020-03-21,2020-05-29,2020-03-17,,2020-03-13,,2020-03-16,,2020-03-21,2020-05-01
154,India,163,2020-03-25,,2020-03-25,2020-06-09,2020-03-25,,2020-03-25,,2020-03-16,,2020-03-25,2020-05-21
155,Indiana,537,,,2020-03-25,2020-05-18,2020-03-19,,2020-03-12,,2020-03-16,2020-09-26,2020-03-24,2020-05-18
156,Indonesia,11,,,,,2020-03-16,,2020-03-16,,,,,
157,Iowa,538,,,,,2020-04-04,,2020-03-17,2020-06-12,2020-03-17,,2020-03-17,2020-05-08
158,Iran (Islamic Republic of),142,2020-03-19,2020-04-09,,,2020-02-24,,2020-02-24,2020-05-26,2020-03-04,,,
159,Iraq,143,,,2020-03-17,2020-04-21,2020-02-27,,2020-02-25,,2020-02-27,,,
160,Ireland,84,,,2020-03-27,2020-05-18,2020-03-12,,2020-03-12,,2020-03-15,,2020-03-24,2020-05-18
161,Islamabad Capital Territory,53618,,,2020-03-21,2020-05-09,2020-03-13,,2020-03-21,,2020-03-21,,2020-03-21,2020-04-15
162,Israel,85,,,2020-03-25,2020-04-19,2020-03-12,2020-06-01,2020-03-04,,2020-03-15,,2020-03-25,2020-05-03
163,Italy,86,,,,,,,,,,,,
164,Jalisco,4656,,,2020-04-19,,2020-03-16,,2020-03-24,,2020-03-23,,2020-03-30,
165,Jamaica,115,,,,,2020-03-13,,2020-03-18,,2020-03-18,,,
166,Jammu & Kashmir and Ladakh,4854,2020-03-22,,2020-03-22,2020-06-09,2020-03-11,,2020-03-22,,2020-03-22,,2020-03-22,2020-05-17
167,Japan,67,,,,,2020-03-02,2020-06-02,,,,,,
168,Jharkhand,4855,2020-03-23,2020-05-19,2020-03-23,2020-06-01,2020-03-17,,2020-03-23,,2020-03-23,,2020-03-23,2020-04-20
169,Jordan,144,2020-03-18,2020-04-29,2020-03-21,2020-04-27,2020-03-15,,2020-03-14,,2020-03-14,2020-06-06,2020-03-18,2020-04-27
170,Kansas,539,,,2020-03-30,2020-05-04,2020-03-17,,2020-03-17,2020-05-22,2020-03-30,2020-06-08,,
171,Karnataka,4856,2020-03-24,2020-05-04,2020-03-24,2020-06-01,2020-03-13,,2020-03-24,,2020-03-13,,2020-03-13,2020-05-04
172,Kazakhstan,36,2020-03-16,2020-06-01,2020-03-28,2020-05-22,2020-03-16,,2020-03-28,,2020-03-16,,2020-03-16,2020-05-11
173,Kentucky,540,,,,,2020-03-20,,2020-03-19,,2020-03-16,2020-06-29,2020-03-26,2020-05-11
174,Kenya,180,,,,,2020-03-20,,2020-03-22,,2020-03-22,,,
175,Kerala,4857,2020-03-23,2020-05-19,2020-03-23,2020-06-01,2020-03-18,,2020-03-23,,2020-03-23,,2020-03-23,2020-04-20
176,Khyber Pakhtunkhwa,53619,,,2020-03-22,2020-05-09,2020-03-13,,2020-03-22,,2020-03-22,,2020-03-22,2020-04-15
177,Kuwait,145,2020-05-10,,2020-05-10,,2020-03-01,,2020-03-18,,2020-03-14,,2020-05-10,
178,Kyrgyzstan,37,,,,,2020-03-16,,2020-03-17,,2020-03-22,,2020-03-22,2020-05-01
179,La Rioja,60376,,,2020-03-15,2020-05-11,2020-03-14,,2020-03-15,,2020-03-15,,2020-03-15,2020-04-13
180,Latin America and Caribbean,103,,,,,,,,,,,,
181,Latvia,59,,,,,2020-03-12,,2020-03-13,,,,,
182,Lazio,35506,2020-03-22,2020-05-04,2020-03-11,2020-06-03,2020-03-05,,2020-03-11,,2020-03-11,2020-06-15,2020-03-11,2020-04-14
183,Lebanon,146,,,2020-03-15,2020-05-04,2020-03-03,,2020-03-15,,2020-03-15,,2020-03-15,2020-05-04
184,Liberia,210,,,,,2020-03-16,,2020-03-21,,2020-03-21,,2020-04-14,2020-05-22
185,Libya,147,,,,,2020-03-16,,2020-03-22,,2020-03-22,,,
186,Liguria,35496,2020-03-22,2020-05-04,2020-03-11,2020-06-03,2020-03-05,,2020-03-11,,2020-03-11,2020-06-15,2020-03-11,2020-04-14
187,Lithuania,60,,,2020-03-15,2020-04-29,2020-03-16,2020-09-01,2020-03-15,,2020-03-14,2020-06-16,2020-03-15,2020-04-15
188,Lombardia,35497,2020-03-08,2020-05-04,2020-03-08,2020-06-03,2020-03-01,,2020-02-22,,2020-02-22,2020-06-15,2020-03-08,2020-04-14
189,Louisiana,541,,,2020-03-23,2020-05-15,2020-03-16,,2020-03-13,2020-05-15,2020-03-17,,2020-03-22,2020-05-01
190,Lower Saxony,60384,,,2020-03-23,2020-05-11,2020-03-16,,2020-03-23,,2020-03-27,,2020-03-27,2020-04-20
191,Luxembourg,87,,,,,2020-03-16,,2020-03-13,,2020-03-18,2020-07-16,2020-03-18,2020-04-20
192,Madagascar,181,2020-03-21,,,,2020-03-20,,2020-03-20,,2020-03-20,,,
193,Madhya Pradesh,4859,2020-03-23,2020-06-01,2020-03-23,2020-06-01,2020-03-14,,2020-03-23,,2020-03-23,,2020-03-23,2020-05-19
194,Maharashtra,4860,2020-03-23,2020-06-05,2020-03-23,2020-06-03,2020-03-23,,2020-03-23,,2020-03-23,,2020-03-23,2020-04-24
195,Maine,542,,,2020-04-02,2020-05-31,2020-03-16,,2020-03-18,,2020-03-18,,2020-03-25,2020-05-01
196,Malawi,182,,,,,2020-03-23,,2020-03-23,,,,,
197,Malaysia,13,2020-03-18,2020-06-10,2020-03-18,2020-06-10,2020-03-18,,2020-03-13,,2020-03-18,,2020-03-18,2020-06-10
198,Maldives,14,,,2020-04-15,,2020-03-14,,2020-03-16,,2020-03-15,,,
199,Mali,211,,,,,2020-03-19,,2020-03-19,,2020-03-19,,,
200,Malta,88,,,,,2020-03-13,,2020-03-03,,2020-03-17,2020-07-01,2020-03-23,2020-05-22
201,Manipur,4861,2020-03-23,2020-05-04,2020-03-23,2020-06-01,2020-03-13,,2020-03-23,,2020-03-23,,2020-03-23,2020-04-21
202,Manitoba,43860,,,,,2020-03-23,,2020-03-20,,2020-03-20,,2020-04-01,2020-05-04
203,Maranhão,4759,,,,,2020-03-17,,2020-03-21,,2020-03-21,,2020-03-21,
204,Marche,35505,2020-03-22,2020-05-04,2020-03-11,2020-06-03,2020-03-05,,2020-03-07,,2020-03-07,2020-06-15,2020-03-11,2020-04-14
205,Maryland,543,,,2020-03-30,2020-05-15,2020-03-16,,2020-03-16,2020-06-10,2020-03-16,,2020-03-23,2020-05-15
206,Massachusetts,544,,,,,2020-03-17,,2020-03-13,,2020-03-17,,2020-03-24,2020-05-18
207,Mato Grosso,4762,,,2020-03-31,,2020-03-23,,2020-03-16,,2020-03-26,,2020-03-26,2020-04-22
208,Mato Grosso do Sul,4761,,,,,2020-03-23,,2020-03-16,,,,,
209,Mauritania,212,2020-03-29,2020-07-10,,,2020-03-16,2020-09-01,2020-03-19,2020-09-05,2020-03-19,2020-07-07,,
210,Mauritius,183,2020-03-23,2020-05-30,2020-03-23,2020-05-30,2020-03-19,,2020-03-23,2020-06-12,2020-03-23,2020-06-15,2020-03-23,2020-06-12
211,Mecklenburg-Vorpommern,60385,,,2020-03-23,2020-05-07,2020-03-16,,2020-03-23,,2020-03-18,,2020-03-18,2020-04-20
212,Meghalaya,4862,2020-03-24,2020-05-11,2020-03-24,2020-06-08,2020-03-17,,2020-03-24,,2020-03-24,,2020-03-24,2020-04-24
213,Mexico,130,,,,,2020-03-23,,2020-03-24,,2020-04-04,,2020-04-04,
214,Mexico City,4651,,,2020-06-22,,2020-03-19,,2020-03-16,,2020-03-30,,2020-04-01,2020-06-01
215,Michigan,545,,,2020-03-24,2020-06-01,2020-03-16,,2020-03-13,,2020-03-16,,2020-03-23,2020-05-07
216,Michoacán de Ocampo,4658,,,2020-06-22,,2020-03-23,,2020-03-15,,2020-03-23,,2020-03-30,
217,Minas Gerais,4760,,,,,2020-03-20,,2020-03-22,,2020-03-22,,,
218,Minnesota,546,,,2020-03-28,2020-05-18,2020-03-18,,2020-03-28,,2020-03-17,2020-06-10,,
219,Mississippi,547,,,2020-04-03,2020-04-27,2020-03-19,,2020-03-24,,2020-03-24,2020-06-01,2020-04-03,2020-04-27
220,Missouri,548,,,2020-04-06,2020-05-15,2020-03-23,,2020-03-23,2020-05-04,2020-03-23,2020-06-16,,
221,Molise,35508,2020-03-22,2020-05-04,2020-03-11,2020-06-03,2020-03-05,,2020-03-11,,2020-03-11,2020-06-15,2020-03-11,2020-04-14
222,Montana,549,,,2020-03-26,2020-04-26,2020-03-15,,2020-03-24,2020-06-01,2020-03-20,2020-06-01,2020-03-26,2020-05-01
223,Montenegro,50,2020-03-17,2020-05-04,,,2020-03-16,,2020-03-13,,2020-03-18,,2020-03-18,2020-05-04
224,Morelos,4659,,,2020-06-22,,2020-03-17,,2020-03-20,,2020-03-23,,2020-03-30,
225,Morocco,148,2020-03-20,2020-06-25,2020-03-18,2020-06-25,2020-03-16,,2020-03-05,,2020-03-16,,2020-03-16,2020-06-25
226,Mozambique,184,,,,,2020-03-23,,2020-03-23,,2020-03-30,,,
227,Murcia,60366,,,2020-03-15,2020-05-11,2020-03-14,,2020-03-15,,2020-03-15,,2020-03-15,2020-04-13
228,Myanmar,15,2020-03-12,,,,2020-03-24,,2020-03-13,,2020-03-24,,,
229,México,4657,,,2020-04-02,,2020-03-22,,2020-03-24,,2020-03-23,,2020-04-02,
230,Nagaland,4864,2020-03-18,2020-05-04,2020-03-25,2020-06-01,2020-03-18,,2020-03-25,,2020-03-18,,2020-03-18,2020-04-25
231,Namibia,195,,,2020-04-14,2020-05-05,2020-03-16,2020-09-07,2020-03-14,,2020-04-14,,2020-04-14,2020-05-05
232,Navarre,60370,,,2020-03-15,2020-05-11,2020-03-14,,2020-03-15,,2020-03-15,,2020-03-15,2020-04-13
233,Nayarit,4660,,,2020-06-22,,2020-03-22,,2020-03-15,,2020-03-23,,2020-03-30,
234,Nebraska,550,,,,,2020-04-02,,2020-03-16,,2020-03-19,2020-07-06,,
235,Nepal,164,2020-03-24,2020-06-15,2020-03-24,2020-06-15,2020-03-18,,2020-03-18,,2020-03-18,,2020-03-22,2020-06-15
236,Netherlands,89,,,,,2020-03-15,2020-08-17,2020-03-10,,2020-03-12,,,
237,Nevada,551,,,2020-03-31,2020-05-09,2020-03-16,,2020-03-24,,2020-03-18,,2020-03-21,2020-05-09
238,New Hampshire,552,,,2020-03-27,2020-06-16,2020-03-16,,2020-03-16,,2020-03-16,2020-06-29,2020-03-28,2020-05-11
239,New Jersey,553,,,2020-03-21,2020-06-09,2020-03-18,,2020-03-16,,2020-03-16,,2020-03-21,2020-05-02
240,New Mexico,554,,,,,2020-03-13,,2020-03-12,,2020-03-16,,2020-03-24,2020-05-15
241,New York,555,,,2020-03-22,2020-06-08,2020-03-18,,2020-03-12,,2020-03-16,,2020-03-22,2020-06-08
242,New Zealand,72,,,2020-03-24,2020-05-14,2020-03-24,2020-05-18,2020-03-16,2020-06-09,2020-03-24,2020-06-09,2020-03-24,2020-04-28
243,Nicaragua,131,,,,,,,,,,,,
244,Niger,213,,,,,2020-03-17,2020-08-14,2020-03-13,2020-05-25,2020-03-18,,,
245,Nigeria,214,,,,,2020-03-23,,,,,,,
246,North Africa and Middle East,138,,,,,,,,,,,,
247,North America,44638,,,,,,,,,,,,
248,North Carolina,556,,,2020-03-30,2020-05-08,2020-03-14,,2020-03-14,,2020-03-17,,2020-03-30,2020-05-08
249,North Dakota,557,,,,,2020-03-16,,,,2020-03-20,,,
250,North Macedonia,49,,,2020-03-22,2020-05-13,2020-03-10,,2020-03-22,,2020-03-14,,2020-03-14,2020-05-13
251,North Rhine-Westphalia,60386,,,2020-03-23,2020-05-11,2020-03-16,,2020-03-23,,2020-02-26,,2020-03-23,2020-04-20
252,Northern Ireland,433,,,2020-03-23,2020-06-13,2020-03-23,2020-08-31,2020-03-23,,2020-03-23,,2020-03-23,2020-06-08
253,Norway,90,,,,,2020-03-12,2020-05-15,2020-03-12,,2020-03-12,,,
254,Nova Scotia,43864,,,,,2020-03-16,,2020-03-15,,2020-03-15,,,
255,Nuevo León,4661,,,2020-06-22,,2020-03-22,,2020-03-23,,2020-03-24,,2020-03-30,
256,Oaxaca,4662,,,2020-06-22,,2020-03-22,,2020-03-12,,2020-03-23,,2020-03-30,
257,Odisha,4865,2020-03-24,2020-05-18,2020-03-24,2020-06-01,2020-03-13,,2020-03-24,,2020-03-24,,2020-03-24,2020-05-04
258,Ohio,558,,,2020-03-23,2020-05-20,2020-03-16,,2020-03-12,,2020-03-15,,2020-03-23,2020-05-04
259,Oklahoma,559,,,,,2020-03-17,,2020-03-24,2020-05-24,2020-04-01,2020-06-01,2020-04-01,2020-04-24
260,Oman,150,,,,,2020-03-15,,2020-04-21,,2020-03-31,2020-10-01,,
261,Ontario,43866,,,,,2020-03-16,,2020-03-16,,2020-03-16,,2020-04-05,2020-05-04
262,Oregon,560,,,2020-03-23,2020-06-19,2020-03-16,,2020-03-12,,2020-03-17,,,
263,Pakistan,165,,,2020-03-24,2020-05-09,2020-03-15,2020-09-30,2020-03-24,,2020-03-24,,2020-03-24,2020-04-15
264,Palestine,149,2020-03-22,2020-05-29,2020-03-22,2020-05-29,2020-03-16,,2020-03-22,,2020-03-22,,2020-03-22,2020-05-05
265,Panama,132,2020-03-13,2020-06-01,2020-03-25,2020-06-01,2020-03-16,,2020-03-25,,2020-03-25,,2020-03-25,2020-05-13
266,Paraguay,136,,,2020-03-20,,2020-03-11,,2020-03-10,,2020-03-12,,2020-03-21,2020-05-25
267,Paraná,4765,,,,,2020-03-20,,2020-03-16,,2020-03-16,,2020-03-21,2020-06-22
268,Paraíba,4764,,,,,2020-03-19,,2020-03-17,,2020-03-29,,,
269,Pará,4763,2020-04-06,,,,2020-03-24,,2020-03-27,,2020-03-20,,2020-03-20,
270,Pennsylvania,561,,,2020-04-01,2020-06-05,2020-03-17,,2020-04-01,2020-09-14,2020-03-18,2020-07-03,2020-03-23,2020-05-08
271,Pernambuco,4766,,,,,2020-03-18,,,,2020-03-19,,2020-03-20,
272,Peru,123,,,2020-03-16,,2020-03-16,,2020-03-12,,2020-03-16,,2020-03-16,2020-05-01
273,Philippines,16,,,,,2020-03-16,,,,,,,
274,Piaui,4767,,,,,2020-03-16,,2020-03-16,,2020-03-19,,2020-03-23,
275,Piemonte,35494,2020-03-22,2020-05-04,2020-03-11,2020-06-03,2020-03-05,,2020-03-07,,2020-03-07,2020-06-15,2020-03-11,2020-04-14
276,Poland,51,,,2020-03-24,2020-04-20,2020-03-12,2020-09-01,2020-03-10,,2020-03-31,,,
277,Portugal,91,2020-04-09,2020-05-02,2020-03-19,2020-05-02,2020-03-16,,2020-03-19,,2020-03-16,,2020-03-19,2020-05-02
278,Provincia autonoma di Bolzano,35498,2020-03-22,2020-05-04,2020-03-11,2020-06-03,2020-03-05,,2020-03-11,,2020-03-11,2020-06-15,2020-03-11,2020-04-14
279,Provincia autonoma di Trento,35499,2020-03-22,2020-05-04,2020-03-11,2020-06-03,2020-03-05,,2020-03-11,,2020-03-11,2020-06-15,2020-03-11,2020-04-14
280,Puebla,4663,,,2020-06-22,,2020-03-22,,2020-03-23,,2020-03-29,,2020-03-30,
281,Puerto Rico,385,,,2020-03-16,2020-06-16,2020-03-16,,2020-03-12,,2020-03-16,2020-06-16,2020-03-16,2020-05-04
282,Puglia,35510,2020-03-22,2020-05-04,2020-03-11,2020-06-03,2020-03-05,,2020-03-11,,2020-03-11,2020-06-15,2020-03-11,2020-04-14
283,Punjab,4867,2020-03-23,2020-05-20,2020-03-23,2020-06-01,2020-03-19,,2020-03-22,,2020-03-23,,2020-03-23,2020-04-30
284,Punjab,53620,,,2020-03-24,2020-05-09,2020-03-15,,2020-03-24,,2020-03-24,,2020-03-24,2020-04-15
285,Qatar,151,,,,,2020-03-10,,2020-03-14,,2020-03-13,,2020-03-13,2020-06-15
286,Quebec,43868,,,,,2020-03-16,2020-09-02,2020-03-12,,2020-03-15,,2020-03-23,2020-05-11
287,Querétaro,4664,,,2020-06-22,,2020-03-15,,2020-03-13,,2020-03-23,,2020-03-30,
288,Quintana Roo,4665,,,2020-06-22,,2020-03-22,,2020-03-24,,2020-03-23,,2020-03-30,
289,Rajasthan,4868,2020-03-22,2020-05-25,2020-03-22,2020-06-01,2020-03-22,,2020-03-19,,2020-03-22,,2020-03-22,2020-05-14
290,Republic of Korea,68,,,,,2020-03-02,2020-06-08,,,2020-03-22,,,
291,Republic of Moldova,61,,,2020-03-25,2020-05-16,2020-03-11,,2020-03-10,,2020-03-13,,2020-03-16,2020-06-01
292,Rhineland-Palatinate,60387,,,2020-03-22,2020-05-13,2020-03-16,,2020-03-22,,2020-03-23,,2020-03-23,2020-04-20
293,Rhode Island,562,,,2020-03-28,2020-05-09,2020-03-16,,2020-03-17,,2020-03-17,,,
294,Rio Grande do Norte,4769,2020-06-04,,,,2020-03-24,,2020-04-01,,2020-04-01,,2020-04-01,
295,Rio Grande do Sul,4772,,,,,2020-04-01,,2020-03-19,,2020-03-19,,2020-04-01,2020-04-08
296,Rio de Janeiro,4768,,,2020-03-30,,2020-03-13,,2020-03-13,,2020-03-16,,,
297,Romania,52,,,2020-03-23,2020-05-15,2020-03-11,,2020-03-06,,2020-03-21,,2020-03-21,2020-05-15
298,Rondônia,4770,,,,,2020-03-17,,2020-03-20,,2020-03-20,,2020-03-20,
299,Roraima,4771,,,,,2020-03-17,,2020-03-16,,2020-03-22,,2020-03-27,
300,Russian Federation,62,,,,,2020-03-23,2020-09-01,,,2020-03-30,,2020-03-30,2020-05-12
301,Rwanda,185,2020-03-21,,2020-03-21,2020-05-04,2020-03-16,,2020-03-17,,2020-03-21,,2020-03-21,2020-05-04
302,Saarland,60388,,,2020-03-21,2020-05-18,2020-03-16,,2020-03-21,,2020-03-15,,,
303,San Luis Potosí,4666,,,2020-06-22,,2020-03-22,,2020-03-20,,2020-03-22,,2020-03-30,
304,San Marino,396,,,,,2020-02-23,,2020-03-08,2020-06-15,2020-03-08,,,
305,Santa Catarina,4773,,,,,2020-03-19,,2020-03-17,,2020-03-17,,2020-03-17,2020-04-13
306,Sao Tome and Principe,215,,,,,2020-03-19,,2020-03-19,,2020-03-19,,,
307,Sardegna,35514,2020-03-22,2020-05-04,2020-03-11,2020-06-03,2020-03-05,,2020-03-11,,2020-03-11,2020-06-15,2020-03-11,2020-04-14
308,Saskatchewan,43869,,,,,2020-03-20,,2020-03-13,,2020-03-18,,,
309,Saudi Arabia,152,2020-03-26,2020-05-31,2020-05-25,2020-06-21,2020-03-09,,2020-03-15,,2020-03-15,,2020-03-15,2020-04-29
310,Saxony,60390,,,2020-03-23,2020-04-20,2020-03-23,2020-07-18,2020-03-23,,2020-03-23,,2020-03-23,2020-04-20
311,Saxony-Anhalt,60389,,,2020-03-22,2020-05-04,2020-03-16,2020-06-15,2020-03-22,,2020-03-24,,2020-03-24,2020-04-20
312,Schleswig-Holstein,60391,,,2020-03-24,2020-05-09,2020-03-16,,2020-03-24,,2020-03-14,,2020-03-24,2020-04-20
313,Scotland,434,,,2020-03-23,2020-05-28,2020-03-23,2020-08-18,2020-03-23,,2020-03-23,,2020-03-23,2020-05-28
314,Senegal,216,,,,,2020-03-16,,2020-03-14,,,,,
315,Serbia,53,2020-03-21,2020-04-23,2020-03-18,2020-05-07,2020-03-16,,2020-03-11,,2020-03-16,,2020-03-16,2020-04-21
316,Sergipe,4774,,,,,2020-03-16,,2020-03-16,,2020-03-20,,2020-03-24,2020-04-16
317,Shandong,513,2020-02-04,2020-02-18,2020-02-04,2020-02-18,2020-02-04,2020-02-18,2020-02-04,2020-02-18,2020-02-04,2020-02-18,2020-02-04,2020-02-18
318,Shanghai,514,2020-02-10,2020-03-24,2020-02-10,2020-03-24,2020-02-10,2020-03-24,2020-02-10,2020-03-24,2020-02-10,2020-03-24,2020-02-10,2020-03-24
319,Sicilia,35513,2020-03-22,2020-05-04,2020-03-11,2020-06-03,2020-03-05,,2020-03-11,,2020-03-11,2020-06-15,2020-03-11,2020-04-14
320,Sierra Leone,217,,,2020-04-05,2020-04-08,2020-03-31,,2020-03-16,,2020-04-11,,2020-04-11,
321,Sinaloa,4667,,,,,2020-03-19,,2020-03-20,,2020-03-23,,2020-03-30,
322,Sindh,53621,,,2020-03-22,2020-05-09,2020-03-01,,2020-03-22,,2020-03-22,,2020-03-22,2020-04-15
323,Singapore,69,,,2020-04-07,2020-06-02,2020-04-08,2020-06-29,2020-03-20,,2020-03-26,,2020-04-07,2020-06-02
324,Slovakia,54,2020-04-08,2020-04-14,,,2020-03-12,2020-09-02,2020-03-12,,2020-03-16,2020-06-03,2020-03-16,2020-03-30
325,Slovenia,55,2020-03-16,2020-04-30,,,2020-03-16,2020-09-01,2020-03-12,,2020-03-15,,2020-03-15,2020-04-20
326,Somalia,187,,,,,2020-03-19,2020-08-15,2020-03-19,2020-05-29,,,,
327,Sonora,4668,,,2020-04-12,,2020-03-16,,2020-03-17,,2020-03-23,,2020-03-30,
328,South Africa,196,2020-03-27,,2020-03-27,2020-06-01,2020-03-18,,2020-03-15,,2020-03-27,,2020-03-27,2020-05-01
329,South Asia,159,,,,,,,,,,,,
330,South Carolina,563,,,2020-04-07,2020-05-04,2020-03-16,,2020-03-18,,2020-03-18,2020-08-03,,
331,South Dakota,564,,,,,2020-03-16,,2020-04-06,2020-04-28,,,,
332,South Sudan,435,2020-04-12,,2020-05-01,2020-07-08,2020-03-20,,2020-03-20,,2020-03-28,,2020-03-28,2020-05-08
333,Spain,92,,,,,,,,,,,,
334,Sri Lanka,17,2020-03-24,2020-04-27,,,2020-03-13,2020-08-10,2020-03-14,,2020-03-14,,,
335,Sub-Saharan Africa,166,,,,,,,,,,,,
336,Sudan,522,2020-04-12,,2020-05-01,2020-07-08,2020-03-15,,2020-03-15,,,,,
337,Suriname,118,,,2020-06-04,2020-06-12,2020-03-16,,2020-04-06,,2020-03-29,,,
338,Sweden,93,,,,,,,2020-03-11,,,,,
339,Switzerland,94,,,,,2020-03-13,2020-06-08,2020-02-28,,2020-03-16,,2020-03-16,2020-04-27
340,Syrian Arab Republic,153,2020-03-23,2020-05-10,,,2020-03-14,,2020-03-24,,2020-03-22,,2020-03-22,2020-04-18
341,São Paulo,4775,,,,,2020-03-23,,2020-03-14,,2020-03-24,,2020-03-24,2020-05-29
342,Tabasco,4669,,,,,2020-03-22,,2020-03-14,,2020-03-23,,2020-04-01,
343,Taiwan (Province of China),8,,,,,2020-02-02,2020-02-25,,,,,,
344,Tajikistan,39,,,,,2020-05-04,2020-08-17,2020-04-25,,,,,
345,Tamaulipas,4670,,,2020-06-22,,2020-03-16,,2020-03-13,,2020-03-23,,2020-03-30,
346,Tamil Nadu,4870,2020-03-24,2020-04-29,2020-03-24,2020-06-01,2020-03-24,,2020-03-23,,2020-03-24,,2020-03-24,2020-04-29
347,Telangana,4871,2020-03-22,2020-05-19,2020-03-22,2020-06-08,2020-03-14,,2020-03-22,,2020-03-22,,2020-03-22,2020-05-19
348,Tennessee,565,,,2020-04-02,2020-05-26,2020-03-20,,2020-03-23,,2020-03-23,,2020-04-01,2020-05-26
349,Texas,566,,,2020-04-02,2020-05-01,2020-03-19,,2020-03-21,2020-06-04,2020-03-21,,,
350,Thailand,18,,,,,2020-03-18,2020-08-13,,,,,,
351,Thuringia,60392,,,2020-03-22,2020-05-13,2020-03-17,2020-06-13,2020-03-22,2020-06-13,2020-03-15,,,
352,Tlaxcala,4671,,,,,2020-03-15,,2020-03-27,,2020-03-23,,2020-03-23,
353,Tocantins,4776,,,,,2020-03-18,,2020-03-21,,2020-05-05,,2020-05-05,
354,Togo,218,,,,,2020-03-20,,2020-03-20,,2020-03-21,,,
355,Toscana,35503,2020-03-22,2020-05-04,2020-03-11,2020-06-03,2020-03-05,,2020-03-11,,2020-03-11,2020-06-15,2020-03-11,2020-04-14
356,Trinidad and Tobago,119,,,2020-03-30,2020-05-24,2020-03-16,,2020-03-16,,2020-03-17,,2020-03-30,2020-05-11
357,Tripura,4872,2020-03-24,2020-05-18,2020-03-24,2020-06-01,2020-03-17,,2020-03-24,,2020-03-24,,2020-03-24,2020-04-21
358,Tunisia,154,,,2020-03-22,2020-05-15,2020-03-13,,2020-03-16,2020-06-08,2020-03-13,2020-06-08,2020-03-22,2020-05-04
359,Turkey,155,,,,,2020-03-16,,2020-03-16,2020-05-29,2020-03-16,,,
360,Uganda,190,2020-03-30,2020-05-26,2020-03-30,2020-06-02,2020-03-20,,2020-03-18,,2020-03-18,,2020-03-30,2020-05-04
361,Ukraine,63,,,2020-04-03,2020-06-05,2020-03-12,,2020-03-12,,2020-03-12,,2020-03-17,2020-05-11
362,Umbria,35504,2020-03-22,2020-05-04,2020-03-11,2020-06-03,2020-03-05,,2020-03-11,,2020-03-11,2020-06-15,2020-03-11,2020-04-14
363,United Arab Emirates,156,,,2020-03-23,2020-04-24,2020-03-08,,2020-03-23,,2020-03-23,,,
364,United Kingdom,95,,,2020-03-23,2020-06-19,2020-03-23,,2020-03-16,,2020-03-20,,2020-03-24,2020-06-29
365,United States Virgin Islands,422,,,2020-03-25,2020-05-04,2020-03-18,,2020-03-21,,2020-03-23,2020-06-01,2020-03-25,2020-05-04
366,United States of America,102,,,,,,,,,,,,
367,Uruguay,99,,,,,2020-03-15,2020-06-29,,,2020-03-17,,,
368,Utah,567,,,,,2020-03-16,,2020-03-19,2020-05-01,2020-03-19,,,
369,Uttar Pradesh,4873,2020-03-25,2020-05-20,2020-03-25,2020-06-01,2020-03-25,,2020-03-25,,2020-03-25,,2020-03-25,2020-05-20
370,Uttarakhand,4874,2020-03-22,2020-05-04,2020-03-22,2020-06-01,2020-03-13,,2020-03-22,,2020-03-22,,2020-03-22,2020-04-24
371,Uzbekistan,41,2020-03-27,2020-05-18,2020-03-27,2020-08-15,2020-03-16,,2020-03-23,,2020-03-21,,,
372,Valencian Community,60371,,,2020-03-15,2020-05-11,2020-03-14,,2020-03-15,,2020-03-15,,2020-03-15,2020-04-13
373,Valle d'Aosta,35495,2020-03-22,2020-05-04,2020-03-11,2020-06-03,2020-03-05,,2020-03-11,,2020-03-11,2020-06-15,2020-03-11,2020-04-14
374,Veneto,35500,2020-03-22,2020-05-04,2020-03-11,2020-06-03,2020-03-01,,2020-02-22,,2020-02-22,2020-06-15,2020-03-11,2020-04-14
375,Venezuela (Bolivarian Republic of),133,2020-03-17,,2020-03-20,,2020-03-16,,2020-03-12,,2020-03-16,,2020-03-16,2020-06-01
376,Veracruz de Ignacio de la Llave,4672,,,,,2020-03-16,,2020-03-16,,2020-03-23,,2020-03-30,
377,Vermont,568,,,2020-03-24,2020-05-15,2020-03-18,,2020-03-13,,2020-03-17,,2020-03-25,2020-05-04
378,Virginia,569,,,2020-03-30,2020-06-05,2020-03-16,,2020-03-15,,2020-03-17,,2020-03-24,2020-05-15
379,Wales,4636,2020-06-01,2020-07-06,2020-03-23,2020-06-01,2020-03-23,,2020-03-23,,2020-03-23,,2020-03-23,2020-06-22
380,Washington,570,,,2020-03-23,2020-07-03,2020-03-13,,2020-03-11,,2020-03-16,,2020-03-25,2020-07-03
381,West Bengal,4875,2020-03-24,2020-05-05,2020-03-24,2020-06-01,2020-03-14,,2020-03-24,,2020-03-24,,2020-03-24,2020-05-05
382,West Virginia,571,,,2020-03-25,2020-05-04,2020-03-14,,2020-03-24,,2020-03-18,,2020-03-24,2020-05-04
383,Wisconsin,572,,,2020-03-25,2020-05-13,2020-03-18,,2020-03-17,,2020-03-17,,2020-03-25,2020-05-11
384,Wyoming,573,,,,,2020-03-19,,2020-03-20,,2020-03-19,2020-05-15,,
385,Yemen,157,,,,,2020-03-25,,,,,,,
386,Yucatán,4673,,,2020-06-22,,2020-03-16,,2020-03-26,,2020-03-23,,2020-03-30,
387,Zacatecas,4674,,,2020-06-22,,2020-03-23,,2020-03-15,,2020-03-23,,2020-03-30,
388,Zambia,191,,,,,2020-03-20,2020-09-14,2020-03-25,,2020-03-25,,,
389,Zimbabwe,198,,,2020-03-30,,2020-03-23,,2020-03-23,,2020-03-23,,2020-03-30,2020-04-20
